SAMPLE ID,ALA,ARG,CIT,GLY,LEU\ILE\PRO-OH,Leu/Pro,MET,ORN,PHE,PHE/TYR,PRO,SA,TYR,VAL,C0 ,C2,C3,C4,C4OH\C3DC,C5,C5:1,C5DC\C6OH,C5OH\C4DC,C6,C6DC,C8,C8:1,C10,C10:1,C10:2,C12,C12:1,C14,C14-OH,C14:1,C14:2,C16,C16-OH,C16:1,C16:1-OH,C18,C18-OH,C18:1,C18:1-OH,C18:2
2015_E054,"258,25","12,3","28,02","348,56","139,45","1,19","13,03","89,78","51,41","0,76","141,12","1,53","69,85","153,97","25,24","12,1","1,67","0,21","0,04","0,08",0,"0,02","0,45","0,05","0,22","0,05","0,05","0,08","0,09",,"0,02","0,05","0,11",0,"0,05","0,02","1,64","0,01","0,08","0,05","0,89",,"1,65","0,01","0,43"
2015_E225,"154,04","14,47","24,14","193,41","105,95","1,32","15,22","83,13","47,82","1,11","96,39","1,46","44,5","123,47","18,42","14,12","1,31","0,12","0,09","0,1","0,01",0,"0,3","0,04","0,14","0,27","0,09","0,37","0,16","0,01","0,1","0,07","0,06","0,01","0,11","0,04","0,78","0,01","0,05","0,02","0,5",,"0,94","0,01","0,35"
2015_E019,"184,52","24,69","12,74","268,21","112,08","1,06","14,94","69,28","43,26","0,78","127,04","1,54","56,82","121,19","16,37","6,81","0,97","0,15","0,05","0,11","0,01","0,06","0,36","0,03","0,17","0,04","0,05","0,07","0,06",,"0,02","0,04","0,06","0,01","0,05","0,02","0,86","0,01","0,05","0,04","0,53","0,01","1,08","0,01","0,24"
2013_03653,"293,04","18,1","29,62","197,67","117,85","0,65","9,38","74,99","46,73","0,82","218,49",,"67,24","154,11","33,38","7,77",1,"0,12","0,03","0,08",0,"0,07","0,47","0,03","0,22","0,07","0,05","0,11","0,06","0,01","0,06","0,05","0,08","0,01","0,07","0,04","1,66","0,03","0,07","0,05","0,56","0,01","0,75","0,01","0,12"
2015_E092,"158,24","11,12","36,22","174,32","91,75","0,96","12,37","88,76","34,95","0,61","115,31","0,76",59,"116,42","24,56","12,32","2,2","0,14","0,06","0,06",0,"0,02","0,46","0,05","0,17","0,12","0,04","0,18","0,11",,"0,05","0,05","0,06","0,01","0,07","0,03","1,24","0,01","0,04","0,04","1,17","0,01","1,33","0,01","0,37"
2015_E210,"180,89","13,7","16,65","221,68","151,43","1,66","11,87","59,28","50,9","1,01","109,27","1,1","51,99","185,21","17,78","7,28","1,11","0,21","0,08","0,09","0,02","0,03","0,35","0,02","0,13","0,06","0,08","0,12","0,09",,"0,05","0,05","0,06","0,01","0,09","0,01","0,45","0,01","0,05","0,02","0,23",,"0,55","0,01","0,15"
2015_E029,"169,69","35,95","22,89","161,79","129,97","1,17","18,16","67,9","41,37","0,72","133,29","1,16","59,17","192,67","11,14","6,68","1,07","0,19","0,05","0,06",0,0,"0,34","0,04","0,19","0,06","0,04","0,08","0,08",,"0,02","0,06","0,06","0,01","0,05","0,02","0,75","0,01","0,04","0,05","0,38","0,01","0,82","0,01","0,15"
2015_E051,"254,5","27,47","40,62",293,"154,68","0,65","17,51","81,19","57,27","0,63","285,08","1,44","93,44","180,93","18,67","10,48","1,15","0,13","0,08","0,07",0,"0,02","0,53","0,03","0,2","0,05","0,06","0,09","0,07","0,01","0,03","0,05","0,06","0,01","0,06","0,03","1,08","0,01","0,03","0,03","0,56",,"1,07","0,01","0,25"
2015_E147,"145,24","31,01","18,85","14,46","100,76","2,01","5,93","76,1","25,86","1,64","60,19","0,04","16,29","112,49","15,64","8,14","0,81","0,09","0,06","0,05","0,01",0,"0,25","0,04","0,13","0,08","0,05","0,13","0,05",,"0,05","0,05","0,08","0,01","0,07","0,02","0,88","0,01","0,04","0,03","0,64","0,01","0,91","0,02","0,14"
2015_E066,"187,91","27,21","34,52","279,3","111,37","0,82","12,87","102,84","39,81","0,8","163,19","1,19","51,09","146,96","21,36","18,67","1,2","0,06","0,12","0,07",0,0,"0,48","0,05","0,25","0,06","0,04","0,1","0,08",,"0,05","0,05","0,1","0,01","0,08","0,04","1,18","0,01","0,06","0,05","0,84","0,01","1,57","0,01","0,35"
2015_E010,"154,18","11,97","24,1","233,13","111,42","0,91","10,75","62,72","43,5","0,81","146,97","1,47","55,32","134,98","21,64","7,81","1,22","0,16","0,08","0,09","0,02","0,06","0,51","0,04","0,16","0,05","0,05","0,07","0,08",,"0,05","0,05","0,11",0,"0,06","0,02","1,22","0,01","0,05","0,07","0,85","0,01","1,2","0,02","0,3"
2015_E070,"237,15","47,27","24,09","197,46","123,22","0,61","20,11","109,99","54,07","0,85","243,58","0,47","65,77","154,5","18,32","9,55","0,81",0,0,"0,01",0,0,"0,33",0,"0,15","0,05","0,02","0,1","0,07",,"0,03","0,03","0,05",0,"0,05","0,01",1,0,"0,05","0,02","0,74",,"1,23",0,"0,22"
2014_11002,"322,31","31,84","39,04","352,06","93,05","0,75","17,65","70,44","38,49","0,96","149,12","1,17","41,45","100,99","23,57","6,73","0,51","0,09","0,06","0,06",0,0,"0,28","0,01","0,24","0,03","0,05","0,05","0,06",,"0,01","0,04","0,03","0,01","0,05","0,01","0,56","0,01","0,03","0,03","0,38",,"1,14","0,01","0,24"
2015_E218,"251,43","7,89","22,21","271,42","89,36","0,58","11,14","81,46","26,57","0,3","185,34",1,"89,79","111,68","24,22","12,18","1,63","0,21","0,08","0,11","0,01",0,"0,43","0,02","0,1","0,05","0,05","0,08","0,07",,"0,03","0,07","0,07","0,01","0,08","0,01","1,01","0,01","0,06","0,04","0,61","0,01","1,53","0,01","0,29"
2014_11185,"195,61","26,78","27,51","174,03","216,12","0,98","16,28","68,25","76,9","0,78","264,26","1,44","101,01","240,54","26,36","10,91","1,8","0,46","0,06","0,21","0,01","0,06","0,45","0,03","0,2","0,06","0,07","0,09","0,08","0,01","0,04","0,04","0,14","0,01","0,04","0,01","1,23","0,01","0,05","0,09","0,7",,"1,31","0,02","0,21"
2015_E242,"153,24","6,03","22,96","202,62","120,31","1,28",14,"93,62","41,08","1,01","113,1","1,39","41,86","146,71","11,97","9,78","0,6","0,16","0,09","0,06","0,01",0,"0,34","0,03","0,06","0,08","0,04","0,07","0,08",,"0,05","0,06","0,07","0,01","0,08","0,01","0,88",0,"0,07","0,05","0,48",,"1,1","0,01","0,15"
2015_E262,"229,74","14,46","31,83","257,73","207,24","1,36","28,66","86,75","64,05","0,95","183,5","0,7","69,57","211,34","21,77","11,72","1,64","0,22","0,02","0,15",0,0,"0,39","0,04","0,08","0,13","0,06","0,16","0,13","0,01","0,08","0,09","0,09","0,01","0,1","0,03","1,09",0,"0,07","0,04","0,65",,"1,34","0,01","0,27"
2014_09390,"186,7","14,47","21,52","177,98","131,07","1,26","11,36","63,04","58,49","0,71","125,28","1,31","80,57","178,06","22,78","15,54","1,83","0,19","0,1","0,14","0,01","0,05","0,7","0,03","0,1","0,04","0,02","0,07","0,05",,"0,04","0,03","0,14","0,01","0,05","0,01","1,5","0,01","0,06","0,07","0,69",,"1,3","0,01","0,33"
2015_E203,"358,89","32,92","41,99","329,41","198,85","0,79","21,97","112,29","71,56","0,88","300,64","0,64","84,19","279,75","28,89","16,16","2,65","0,35","0,07","0,18","0,01","0,09","0,54","0,07","0,14","0,19","0,09","0,31","0,18","0,01","0,1","0,12","0,15","0,01","0,12","0,05","1,23","0,01","0,06","0,07","0,56","0,01","1,45","0,01","0,33"
2015_E014,"217,96","4,95","14,3","266,51","133,44","0,56","14,13","91,35","47,62","0,84","284,34","1,06","58,62","177,06","15,44","8,62","1,23","0,11","0,08","0,03",0,0,"0,29","0,01","0,16","0,13","0,02","0,19","0,11",,"0,06","0,07","0,07",0,"0,08","0,02","1,47",0,"0,07","0,04","0,91",,"1,37","0,01","0,25"
2014_09389,"201,23","28,9","25,67","224,8","148,84","0,94","14,59","78,42","52,96","0,71","189,91","1,41","72,58","166,6","17,26","7,34","0,92","0,13","0,05","0,07","0,01","0,02","0,47","0,02","0,1","0,02","0,02","0,04","0,04",,"0,02","0,02","0,07","0,01","0,03","0,01","0,86","0,01","0,04","0,03","0,31",,"0,67","0,01","0,15"
2015_E046,"204,29","6,16","24,14","220,27","135,72",1,"13,18","134,53","53,75","0,72","162,93","1,19","76,57","143,28","15,33","7,85","0,75","0,1","0,05","0,07","0,01",0,"0,21","0,01","0,18","0,05","0,06","0,08","0,09",,"0,05","0,06","0,06","0,01","0,08","0,02","0,66","0,01","0,05","0,02","0,4","0,01","0,87","0,01","0,14"
2015_E103,"209,54","3,22","37,47","197,83","134,33","1,34","13,84","104,22","47,92","0,83","120,61","0,75","59,79","154,72","16,54","12,77","1,19","0,08","0,06","0,09",0,"0,01","0,4","0,09","0,21","0,34","0,05","0,53","0,17",,"0,08","0,09","0,1","0,01","0,08","0,04","1,27","0,01","0,07","0,05","0,51",,"1,26","0,02","0,22"
2015_E096,"214,81","20,5","26,52","188,74","133,15","1,28","10,85","69,84","51,89","0,93","125,26","0,52","57,7","154,58","26,88","14,79","1,15","0,05","0,08","0,08",0,0,"0,5","0,05","0,26","0,04","0,02","0,09","0,07",,"0,03","0,06","0,13","0,01","0,05","0,03","1,71","0,01","0,06","0,05","0,48","0,01","1,15","0,01","0,22"
2015_E182,"185,19","3,61","10,78","57,94","115,66","1,1","4,8","94,62","49,32",0,"126,5","0,38",0,"107,16","12,39","9,61","1,49","0,12","0,08","0,1","0,01","0,02","0,58","0,02","0,12","0,02","0,05","0,05","0,04",,"0,01","0,02","0,1",0,"0,04","0,02","1,31",0,"0,08","0,04","0,8",,"1,46","0,02","0,29"
2015_E027,"214,97","50,42","29,56","305,06","136,88","1,06","15,11","75,37","53,94","0,68","155,29","1,64","81,53","148,07","20,68","11,9","1,18","0,19","0,08","0,09","0,01","0,01","0,41","0,05","0,16","0,11","0,06","0,22","0,13",,"0,08","0,09","0,08","0,01","0,11","0,04","1,14","0,01","0,08","0,03","0,68","0,01","1,51","0,01","0,3"
2014_09522,"218,93","12,75","22,41","262,54","113,4","0,84","17,3","62,29","38,91","0,77","162,08","1,11","49,19","170,26","22,73","12,92","1,67","0,28","0,06","0,11","0,01","0,01","0,41","0,01","0,05","0,03","0,02","0,03","0,04",,"0,02","0,02","0,11",0,"0,04","0,01","1,57","0,01","0,04","0,06","0,6",,"1,33","0,01","0,21"
2014_08628,"164,55","17,88","19,83","216,59","124,61","0,85","15,05","64,84","49,08","0,76","176,96","0,56","62,88",169,"18,76","9,61","1,19","0,12","0,05","0,07",0,"0,1","0,58","0,02","0,09","0,04","0,02","0,05","0,03","0,01","0,04","0,03","0,11","0,01","0,05","0,02","0,89","0,01","0,05","0,05","0,37","0,01","0,71","0,01","0,16"
2015_E065,"205,61","51,64","18,44","174,89","108,52","1,24","12,22","65,21","35,52","0,47","104,7","0,88","77,88","130,34","17,45","9,71","0,96","0,03","0,05","0,08","0,01","0,03","0,38","0,05","0,32","0,07","0,05","0,08","0,08",,"0,04","0,04","0,09","0,01","0,05","0,03","1,34","0,01","0,04","0,04","0,59",,"0,89","0,02","0,19"
2015_E047,"179,29","9,25","19,36","265,7","159,63","1,55","10,29","59,54","58,6","1,06","123,3","1,83","57,22","189,13","18,1","9,49","1,04","0,19","0,1","0,07","0,02",0,"0,48","0,03","0,18","0,05","0,05","0,09","0,07",,"0,05","0,04","0,13","0,01","0,06","0,01","1,14","0,01","0,07","0,06","0,52","0,01","1,11","0,01","0,19"
2015_E163,"166,05","17,01","29,31","75,35","84,75","0,79","9,52","61,14","40,82","0,92","129,06","0,09","45,68","108,67",11,"14,39","0,97","0,08","0,08","0,06","0,02","0,01","0,29","0,06","0,14","0,07","0,04","0,11","0,07",,"0,06","0,06","0,1","0,01","0,09","0,01","1,17","0,01","0,06","0,05","0,75","0,01","1,33","0,01","0,2"
2015_E048,"260,84","55,42","45,25","318,69","128,34","0,88","14,56","78,04","48,68",1,"174,98","1,49","50,34","145,69","28,28","12,42","1,22","0,17","0,05","0,09",0,"0,02","0,28","0,04","0,24","0,05","0,05","0,09","0,07",,"0,03","0,04","0,07","0,01","0,06","0,02","0,97",0,"0,04","0,04","0,38","0,01","1,08","0,01","0,23"
2014_05826,"253,71","15,26","37,35","240,56","150,35","0,79","13,46","99,63","49,37","0,56","227,78","0,49","85,28","189,58","23,72","12,34","1,38","0,28","0,06","0,14","0,01","0,06","0,42","0,04","0,11","0,04","0,02","0,07","0,05","0,01","0,04","0,03","0,11","0,01","0,04","0,03","1,32","0,02","0,06","0,09","0,75","0,01","1,1","0,02","0,27"
2015_E160,"137,47","35,65","24,93","73,18","128,1","1,41","4,01","97,4","32,45","0,59","109,09","0,89","56,88","151,61","29,92","11,41",2,"0,07","0,03","0,1","0,02","0,03","0,38","0,06","0,18","0,1","0,07","0,14","0,11",,"0,08","0,07","0,1","0,01","0,08","0,04","1,49","0,01","0,07","0,04","0,63","0,01","1,09","0,02","0,3"
2014_11004,"166,25","10,8","13,46","217,28","236,93","1,58","14,86","76,71","67,68","0,82","179,63","1,34","85,08","236,28","21,79","12,75","1,52","0,12","0,09","0,1",0,0,"0,58","0,03","0,14","0,06","0,04","0,11","0,07",,"0,03","0,05","0,13","0,01","0,04","0,03","1,37","0,01","0,09","0,09","0,69","0,01","1,59","0,02","0,28"
2015_E052,"180,39","18,17","16,12","184,47","142,24","1,28","11,94","68,67","48,92","1,11","133,8","1,26","45,52","160,46","12,49","11,19","1,83","0,27","0,09","0,11","0,02",0,"0,44","0,04","0,17","0,11","0,04","0,17","0,13",,"0,05","0,07","0,06","0,01","0,08","0,03","0,77",0,"0,06","0,03","0,32","0,01","1,1","0,01","0,26"
2015_E211,"177,91","22,43","25,05","220,86","103,85","0,99","12,08","63,91","46,37","0,9",126,"0,98","53,29","154,31","20,31","13,8",1,"0,25","0,1","0,13","0,01",0,"0,36","0,02","0,1","0,04","0,12","0,05","0,09",,"0,04","0,06","0,08",0,"0,07","0,03","0,87","0,01","0,06","0,04","0,62","0,01","0,97","0,01","0,33"
2015_E016,"166,3","5,13","28,69","241,83","105,74","1,12","14,21","85,37","48,67","1,16","113,14","1,26","43,4","111,29","26,3","13,78","1,13","0,24","0,09","0,07",0,"0,04","0,23","0,05","0,16","0,11","0,13","0,18","0,08",,"0,05","0,05","0,05","0,01","0,11","0,01","0,84","0,01","0,05","0,03","0,48",,"1,48","0,02","0,26"
2015_E028,"272,82","44,2","23,24","239,89","162,59","1,37","20,32","66,93","50,2","0,73","142,21","1,27","70,42","193,96","28,71","14,22","2,27","0,21","0,07","0,1","0,01","0,05","0,55","0,03","0,2","0,09","0,05","0,16","0,1",,"0,07","0,07","0,08","0,01","0,1","0,03","1,54","0,01","0,07","0,06","0,58",,"1,98","0,02","0,32"
2015_E049,"196,48","21,98","18,25","224,83","157,31","0,88","12,11","75,18","49,63","0,74","215,03","1,53","68,69","176,3","19,38","9,41","1,53","0,08","0,05","0,04",0,0,"0,45","0,03","0,17","0,07","0,05","0,1","0,09",,"0,05","0,05","0,06","0,01","0,07","0,02","1,13","0,01","0,05","0,04","0,51",,"1,11","0,01","0,21"
2014_05825,"150,81","19,69","28,72","190,41","112,76","1,19","14,31","57,8","49,88","0,92","113,63","0,99","53,01","133,4","23,45","16,21","1,69","0,16","0,12","0,12","0,01","0,13","0,48","0,04","0,14","0,06","0,04","0,09","0,06","0,02","0,04","0,05","0,16","0,01","0,06","0,02","1,76","0,02","0,1","0,09","0,73","0,01","1,39","0,03","0,25"
2015_E058,"295,26","7,88","37,04","232,91","129,76","0,86","16,63","128,19","54,17","0,91","180,58","1,59","61,59","161,32","23,42","11,45","1,02","0,1","0,05","0,06","0,02","0,07","0,37","0,04","0,23","0,06","0,04","0,1","0,1",,"0,03","0,05","0,08","0,01","0,05","0,01","1,32",0,"0,05","0,06","0,71","0,01","1,17","0,01","0,19"
2015_E012,"161,5","17,88","31,71","244,24","107,72","1,41","10,71","54,41","42,2","0,86","91,95","1,85","50,48","114,67","20,21","8,87","1,34","0,28","0,07","0,12","0,02",0,"0,4","0,04","0,16","0,08","0,04","0,09","0,06",,"0,05","0,05","0,09","0,01","0,06","0,02","0,98","0,01","0,07","0,06","0,64","0,01","1,25","0,02","0,21"
2015_E021,"182,81","15,17","34,19","237,71","102,02","0,67","11,89","96,06","37,15","0,78","181,97","1,4","48,96","110,88","16,74",8,"1,18","0,15","0,06","0,06","0,01","0,01","0,34","0,02","0,17","0,08","0,08","0,1","0,11",,"0,03","0,06","0,05","0,01","0,08","0,03","0,89","0,01","0,04","0,04","0,66","0,01","1,14","0,01","0,26"
2015_E161,"121,17","18,51","28,59","86,97","158,89","2,07","6,54","62,27","41,43","1,23","92,33","0,66","34,83","222,3","21,3","17,79","1,52","0,35","0,13","0,11",0,0,"0,51","0,03","0,18","0,09","0,04","0,13","0,09",,"0,06","0,06","0,08",0,"0,09","0,04","1,48","0,01","0,06","0,05","0,96",,"1,55","0,02","0,32"
2015_E185,"99,22","19,8","18,44","131,59","90,3","1,63","6,52","70,45","25,75","1,73","66,44","0,89","15,35","96,36","19,23","11,6","1,28","0,15","0,03","0,06",0,0,"0,29","0,03","0,16","0,09","0,04","0,15","0,08",,"0,06","0,07","0,09","0,01","0,07","0,02","1,81","0,01","0,06","0,04","0,89","0,01","1,62","0,02","0,25"
2014_08627,"219,64","20,36","17,39","232,05","122,36","0,66","12,11","60,24","46,15","0,59","221,38","0,55","76,26","156,7","22,51","14,94","1,53","0,16","0,03","0,07",0,"0,02","0,48","0,02","0,01","0,03","0,06","0,05","0,05",,"0,04","0,04","0,1","0,01","0,05","0,01","1,42","0,01","0,09","0,05","0,53",,"1,29","0,01","0,33"
2015_E044,"172,27","32,33","28,7","277,94","107,81","0,64","12,04","66,1","39,89","0,67","203,52","0,87","60,99","144,54","13,39","9,7","0,9","0,07","0,08","0,06",0,0,"0,67","0,04","0,19","0,06","0,05","0,09","0,05",,"0,04","0,04","0,09",0,"0,06","0,02","1,76","0,01","0,05","0,04","0,61","0,01","1,16","0,01","0,2"
2015_E209,"165,66","27,47","29,83","152,07","122,21","1,22","11,82","64,25","41,91","0,76","120,21","0,58","57,15","152,78","16,82","7,03","0,84","0,1","0,04","0,09",0,0,"0,4","0,05","0,1","0,07","0,05","0,11","0,11","0,01","0,04","0,07","0,06","0,01","0,09","0,03","0,66","0,01","0,05","0,02","0,34","0,01","0,73","0,02","0,25"
2015_E050,"202,85","8,59","37,63","300,29","132,71","1,03","15,37","91,63","57,82","1,03","154,79","1,39","57,64","153,42","17,24","7,21","0,88","0,16","0,06","0,06",0,"0,01","0,44","0,03","0,17","0,04","0,04","0,08","0,08",,"0,04","0,04","0,05","0,01","0,07","0,02","0,52","0,01","0,05","0,03","0,32","0,01","0,76","0,01","0,14"
2014_04886,"149,34","48,94","34,84","232,32","82,67","0,24","15,27","60,33","41,72","0,57","419,39","0,93","70,91","105,08","18,77","11,24","0,85","0,1","0,07","0,08","0,01","0,07","0,48","0,05","0,1","0,06","0,04","0,12","0,07","0,01","0,06","0,04","0,08","0,01","0,05","0,02","0,95","0,01","0,05","0,03","0,57","0,01","1,08","0,02","0,24"
2014_05963,"133,89","10,82","29,06","206,15","200,13","2,28","7,2","64,95","44,52","1,02","105,47","0,71","42,45","212,25","18,96","26,51","2,24","0,52","0,33","0,14","0,02","0,1","0,46","0,06","0,15","0,13","0,06","0,09","0,1","0,01","0,14","0,2","0,16","0,02","0,22","0,05","1,52","0,02","0,1","0,07","0,85","0,01","1,62","0,03","0,3"
2015_E011,"216,11",50,"34,37","254,39","197,84","1,15","15,05","68,55","52,37","0,99","207,16","1,22","54,75","228,85","21,55",11,"1,94","0,53","0,08","0,12",0,"0,08","0,54","0,06","0,15","0,27","0,05","0,6","0,17",,"0,15","0,12","0,08","0,01","0,17","0,05","0,96","0,01","0,07","0,04","0,63","0,01","1,75","0,02","0,28"
2014_03586,"137,52","18,8","24,9","189,35","109,76","1,25","10,11","40,21","45,8","0,99","105,2","0,91","45,19","136,02","25,13","9,09","1,17","0,2","0,03","0,08",0,"0,07","0,31","0,04","0,09","0,13","0,02","0,22","0,1","0,01","0,1","0,04","0,08","0,01","0,06","0,03","0,89","0,01","0,04","0,02","0,49",,"0,79","0,02","0,22"
2015_E202,"209,06","27,72","14,1","239,91","92,18","0,39","16,76","55,23","42,71","0,83","282,63","0,85","53,34","95,19","10,32","6,47","1,01","0,09","0,07","0,03",0,0,"0,38","0,05","0,08","0,11","0,05","0,13","0,1",,"0,03","0,04","0,05",0,"0,06","0,03","0,6","0,01","0,04","0,02","0,43",,"0,97",0,"0,21"
2015_E201,"205,86","19,02","14,07","190,8","231,83","1,1","15,68","69,67","45,07","1,24","252,75","0,81","37,45","217,81","8,32","15,91",1,"0,2","0,23","0,13","0,01",0,"0,36","0,04","0,19","0,09","0,07","0,2","0,11",,"0,07","0,1","0,07","0,01","0,12","0,03","0,83","0,01","0,07","0,05","0,58","0,01","1,3","0,01","0,15"
2015_E219,"164,83","11,93","24,95","223,98","154,14","1,23","14,34","95,09","44,26","0,79","150,25","1,52","57,63","177,08","19,55","18,62","0,75","0,21","0,12","0,1",0,"0,02","0,5","0,03","0,2","0,06","0,08","0,09","0,07",0,"0,04","0,05","0,07","0,01","0,09","0,04","1,14","0,01","0,05","0,06","0,69","0,01","1,82","0,02","0,29"
2015_E299,"244,63","3,89","26,18","484,31","140,06","0,99","16,55","114,37","49,28","0,98","169,45",0,"52,17","146,17","11,87","12,22","0,9","0,09","0,1","0,07","0,01","0,05","0,47","0,02","0,08","0,03","0,1","0,05","0,03",0,"0,03","0,03","0,07","0,01","0,06","0,01","1,19",0,"0,07","0,04","0,56",0,"1,48","0,01","0,26"
2015_E300,"203,06","18,96","23,42","229,56","153,41","1,23","15,86","105,9","43,95","0,59","149,58","0,13","77,96","160,72","31,58","19,2","1,33","0,13","0,12","0,09","0,01","0,09","0,53","0,03","0,09","0,12","0,08","0,16","0,1",0,"0,04","0,05","0,09","0,01","0,07","0,03","1,87",0,"0,07","0,08","1,14","0,01","1,72","0,02","0,51"
2015_E301,"209,91","7,76","25,06","213,91","125,26","0,75","16,13","115,85","45,66","0,9","199,5","0,35","52,66","137,68","18,72","7,48","0,87","0,06","0,05","0,09",0,"0,04","0,39","0,01","0,14","0,03","0,05","0,04","0,07",0,"0,03","0,04","0,06",0,"0,04","0,01","0,85","0,01","0,04","0,04","0,42","0,01","0,98","0,01","0,26"
2015_E302,"277,47","18,89","18,8","184,81","158,32","0,88","17,96","92,07","56,41","0,83","215,07",0,"70,22","171,66","26,26","11,3","1,32","0,15","0,06","0,12",0,"0,06","0,41","0,04","0,1","0,06","0,06","0,07","0,06",0,"0,04","0,02","0,09","0,01","0,08","0,02","1,32","0,01","0,07","0,05","0,7",0,"1,14","0,02","0,36"
2015_E316,"164,05","4,83","26,79","128,59","135,73","0,83","11,66","76,46","49,47","0,73","196,71","0,5","70,72","175,29","17,91","6,93","0,85","0,26","0,04","0,1","0,02","0,07","0,29","0,03","0,12","0,03",0,"0,05","0,04",0,"0,03","0,02","0,11",0,"0,03",0,"1,04","0,01","0,04","0,05","0,59","0,01","0,72","0,01","0,12"
2015_E354,"128,27","15,08","23,4","186,33","126,51","1,17","8,05","83,16","41,59","0,93","130,1","0,59","46,39","147,17","18,13","10,99","1,1","0,14","0,05","0,07","0,01","0,06","0,38","0,03","0,07","0,07","0,02","0,1","0,05",0,"0,06","0,04","0,11","0,01","0,04","0,02","1,48","0,01","0,05","0,05","0,68","0,01","1,08","0,02","0,2"
2015_E365,"177,06","19,36","29,12","170,66","114,12","1,03","15,79","61,27","40,17","0,81","132,98","0,56","51,48","127,11","14,38","8,4","0,55","0,12","0,05","0,06","0,02","0,07","0,45","0,05","0,13","0,1","0,06","0,12","0,08","0,01","0,03","0,04","0,05","0,02","0,04","0,02","0,73","0,01","0,04","0,02","0,31",0,"0,9","0,02","0,23"
2015_E389,"95,12","17,69","17,21","113,63","183,9","2,12","7,95","61,24","40,81","2,01","104,04","0,43","21,06","209,85","11,22","15,34","1,53","0,13","0,1","0,11","0,03","0,1","0,48","0,05","0,21","0,08","0,05","0,1","0,06",0,"0,05","0,06","0,09","0,02","0,08","0,03","1,44","0,02","0,06","0,08","0,83","0,01","1,23","0,05","0,18"
2015_E395,"118,98","14,13","22,67","156,64","111,2","1,11","10,31","71,9","53,65","1,22","120,09","0,59","45,51","119,87","19,34","17,45","1,56","0,23","0,1","0,09","0,01","0,09","0,26","0,05","0,06","0,13","0,06","0,16","0,11",0,"0,06","0,05","0,08","0,01","0,06","0,03","1,22","0,01","0,06","0,05","0,61",0,"1,45","0,02","0,38"
2015_E396,"87,53","15,84","25,35","107,97","100,17","1,16","11,25","70,3","38,86","0,82","103,65","0,61","49,02","115,83","19,49","13,19","1,48","0,21","0,05","0,07","0,01","0,05","0,28","0,06","0,06","0,13","0,05","0,22","0,09",0,"0,06","0,06","0,07","0,01","0,06","0,01","1,1","0,01","0,04","0,04","0,95",0,"1,28","0,01","0,25"
2015_E409,"137,46","16,14","24,33","161,72","140,58","1,38","13,34","77,94","34,53","0,8","122,15","0,46","44,9","170,88","18,37","17,43","1,39","0,16","0,06","0,08","0,01","0,03","0,57","0,05","0,06","0,08","0,05","0,12","0,09",0,"0,08","0,07","0,09","0,01","0,08","0,02","1,16",0,"0,06","0,04","0,71",0,"1,12","0,02","0,28"
2015_E418,"85,82","8,54","16,78",0,"132,14","1,46","6,24","82,65","35,28","1,22","108,54","0,59","29,92","130,76","20,48","21,86","1,29","0,16","0,18","0,14",0,"0,1","0,46","0,05","0,17","0,1","0,05","0,17","0,09",0,"0,13","0,13","0,13","0,01","0,15","0,04","1,81","0,01","0,1","0,04","0,88","0,01","1,48","0,04","0,29"
2015_E419,"130,87","35,95","26,77","134,14","157,62","1,68","4,88","74,3","42,16","0,74","112,44","0,71","58,93","215,67","24,23","14,99","1,61","0,66","0,11","0,18","0,04","0,17","0,52","0,06","0,13","0,12","0,04","0,15","0,11","0,01","0,06","0,07","0,07","0,02","0,05","0,03","1,42","0,02","0,04","0,06","1,1","0,02","1,17","0,03","0,3"
2015_E426,"230,47","54,89","19,09","169,46","114,84","1,68","8,04","44,24","32,68","0,74","82,18","0,68","45,99","118,74","13,93","11,1","0,82","0,06","0,06","0,07",0,"0,03","0,23","0,03","0,12","0,03","0,02","0,03","0,04",0,"0,04","0,02","0,08",0,"0,02","0,02","1,61","0,01","0,04","0,04","0,77","0,01","1,09","0,04","0,41"
2015_E429,"205,27","41,73","31,91","175,23","141,04","0,81","14,2","77,77","49,01","0,82","207,87","0,33","61,98","174,87","19,04","14,28","1,41","0,18","0,07","0,07",0,"0,07","0,45","0,06","0,11","0,04","0,06","0,02","0,04",0,"0,03","0,02","0,07","0,01","0,03","0,01","1,05","0,01","0,05","0,02","0,52","0,01","1,02","0,01","0,26"
2014_05965,"199,1","32,21","22,84","188,34","112,62","0,85","16,59","79,96","44,12","0,89","146,99","1,22","51,23","133,48","19,6","8,51","0,91","0,16","0,06","0,05",,"0,01","0,25","0,03","0,17","0,06","0,05","0,1","0,08",,"0,04","0,05","0,08","0,01","0,07","0,01","0,96","0,01","0,05","0,05","0,72","0,01","0,96","0,01","0,2"
2014_07389,"157,6","7,69","27,99","265,98","161,66","1,41","15,39","77,93","58,69","1,07","167,7","1,22","56,59","123,63","27,12","8,77","1,26","0,18","0,04","0,05","0,02",0,"0,5","0,02","0,23","0,02","0,06","0,02","0,05",,"0,01","0,04","0,1","0,01","0,04","0,03","1,52","0,01","0,05","0,06","0,82",,"1,36","0,02","0,38"
2014_08625,"149,99","4,29","26,34","236,16","116,91","1,31","2,06","81,11","48,38","0,78","123,22","1,52","63,68","183,7","22,65","7,3","1,49","0,27","0,07","0,07",,0,"0,44","0,05","0,15","0,17","0,05","0,3","0,14","0,01","0,08","0,1","0,06",0,"0,11","0,04","0,72",0,"0,06","0,02","0,29","0,01","0,8","0,01","0,22"
2014_10622,"200,88","7,07","27,77","248,71","125,68","0,97","13,36","95,09","53,5","0,75","177,02","1,69","73,82","234,86","24,26","10,96","1,57","0,37","0,13","0,16",,"0,04","0,53","0,04","0,22","0,02","0,07","0,07","0,06",,"0,03","0,04","0,12","0,01","0,06","0,01","1,31","0,01","0,05","0,1","0,7",,"1,34","0,02","0,2"
2014_10736,"250,06","18,71","18,9","148,46","99,93","0,88","6,72","54,79","38,42","0,78","169,91","1,28","50,75","133,87","13,97","4,35","0,56","0,03","0,09","0,04","0,01",0,"0,47","0,03","0,16","0,02","0,05","0,03","0,05",,0,"0,04","0,09","0,01","0,06","0,02","1,3","0,01","0,06","0,03","0,9",,"1,04","0,02","0,2"
2014_10737,"191,98","11,78","27,82","253,68","260,4","2,36","9,92","152,39","57,19","0,51","320,12","1,23","115,67","238,78","25,66","9,19","1,3","0,1","0,05","0,08",,0,"0,38","0,06","0,17","0,07","0,05","0,08","0,09",,"0,02","0,06","0,07","0,01","0,08","0,03","0,97","0,01","0,07","0,03","0,55","0,01","1,11","0,02","0,27"
2014_11003,"269,08","20,88","29,88","318,89","184,56","1,25","12,48","66,01","85,42","2,33","132,67","0,97","37,84","164,36","35,38","16,17","2,88","0,25","0,08","0,13","0,01","0,03","0,3","0,1","0,22","0,24","0,08","0,39","0,14",,"0,07","0,08","0,11","0,01","0,13","0,04","1,49","0,01","0,13","0,05","0,85",,"1,98","0,02","0,39"
2014_11184,"177,99","10,61","21,76","173,6","108,34","0,94","14,76","54,71","42,18","0,83","221,61","0,31","52,67","123,92","18,81","3,7","0,86","0,26","0,03","0,12","0,01",0,"0,31","0,01","0,14",0,"0,04","0,04","0,05",,0,"0,02","0,04","0,01","0,04","0,02","0,89","0,01","0,03","0,04","0,59","0,01","0,98","0,02","0,2"
2015_E013,"165,15","18,38","28,83","282,76","110,46","0,79","8,28","56,02","61,02","1,2","168,74","1,6","52,4","174,92","28,99","10,88","6,91","0,37","0,13","0,27","0,03","0,02","0,72","0,06","0,22","0,04","0,04","0,07","0,07",,"0,05","0,05","0,17","0,01","0,05","0,01","1,69","0,01","0,07","0,12","1,05","0,01","1,93","0,03","0,29"
2015_E015,"163,61","3,31",11,"144,1","95,44","0,52","11,69","69,02","37,31","0,9","94,27","1,57","42,83","229,12","12,25","3,72","0,49","0,02","0,02","0,05",,0,"0,18","0,02","0,17","0,04","0,04","0,08","0,07","0,01","0,02","0,06","0,04",0,"0,05","0,02","0,6","0,01","0,04","0,02","0,31",,"0,7","0,01","0,14"
2015_E018,"165,44","12,25","25,33","224,07","197,8","0,74","18,95","98,36","45,51","0,97","158,74","0,69","48,57","142,11","21,7","11,9","1,35","0,1","0,06","0,08",,"0,04","0,37","0,04","0,2","0,06","0,07","0,11","0,1",,"0,04","0,07","0,06","0,01","0,08","0,03","0,79","0,01","0,05","0,03","0,5","0,01","1,27","0,02","0,25"
2015_E057,"181,88","32,57","24,18","209,35","159,57","1,14","12,9","62,94","44,87","0,79","145,21","1,03","58,75","151,41","21,04","8,87","1,27","0,11","0,08","0,07",,"0,01","0,27","0,02","0,13","0,07","0,09","0,1","0,08",,"0,03","0,06","0,09","0,01","0,06","0,02","0,89","0,01","0,06","0,04","0,57","0,01","1,2","0,01","0,26"
2015_E069,"149,38","21,02","23,73","208,25","118,37","1,07","11,35","58,35","44,55","0,71","106,2","0,62","61,14","156,23","20,7","9,75","0,78","0,05","0,06","0,04",,"0,02","0,35","0,04","0,19","0,14","0,03","0,26","0,13",,"0,1","0,08","0,07","0,01","0,12","0,02","0,82",0,"0,04","0,03","1,04",,"1,1","0,02","0,17"
2015_E186,"201,82","18,38","23,07","191,04","111,32","0,79","6,91","100,7","44,55","0,66","138,33","0,84","69,17","145,78","20,26","14,13","1,6","0,1","0,07","0,1","0,01","0,08","0,4","0,05","0,16","0,1","0,09","0,15","0,08",,"0,04","0,08","0,07","0,02","0,07","0,03","1,69","0,01","0,06","0,04","0,68","0,01","1,32","0,01","0,34"
2015_E187,"190,09","22,13","18,04","147,62","129,21","1,28","9,94","80,9","37,74","0,82","125,28","0,96","47,28","130,36","13,47","11,52","0,65","0,1","0,18","0,05",,0,"0,32","0,02","0,16","0,09","0,05","0,14","0,07",,"0,06","0,05","0,06","0,01","0,1","0,01","0,85","0,01","0,04","0,05","0,62",,"1,03","0,02","0,16"
2015_E188,"170,2","33,48","26,69","237,96","113,4","0,94",9,"89,32","50,52","0,67","155,93","0,67","77,14","157,36","23,03","14,16","1,65","0,17","0,06","0,11",,"0,09","0,33","0,05","0,06","0,18","0,03","0,27","0,13","0,01","0,09","0,09","0,09","0,01","0,11","0,04","1,23",0,"0,07","0,04","0,6","0,01","1,38","0,02","0,32"
2015_E189,"244,34","2,08","28,48","274,22","162,5","1,58","15,04","68,53","59,75","0,99","138,44","0,46","58,84","167,91","28,77","6,48","1,24","0,11","0,04","0,08","0,01",0,"0,35","0,03","0,21","0,08","0,05","0,12","0,1","0,01","0,02","0,06","0,05","0,01","0,06","0,03","0,61","0,01","0,05","0,03","0,32",,"0,87","0,02","0,25"
2015_E190,"200,69","19,85","20,64","171,76","154,17","1,34","14,3","92,67","40,75","1,12","136,2","0,95","37,43","144,18","18,18","8,51","1,41","0,12","0,05","0,09","0,02","0,03","0,35","0,02","0,09","0,15","0,01","0,05","0,07",,"0,03","0,12","0,1","0,01","0,03","0,01","0,93","0,01","0,04","0,05","0,35","0,01","0,71","0,01","0,12"
2015_E191,"183,63","7,09","21,96","186,81","117,09","1,07","14,17","68,38","43,57","0,89","121,47","0,78","47,78","155,47","18,84","15,17","0,8","0,08","0,08","0,05",,"0,03","0,42","0,05","0,21","0,05","0,04","0,09","0,09",,"0,03","0,04","0,11","0,01","0,05","0,03","1,39","0,01","0,04","0,04","0,85",,"1,37","0,02","0,25"
2015_E192,"205,76","31,01","25,69","226,77","114,38","0,93","13,05","93,02","46,06","0,55","137,62","1,13","86,54","140,29","22,13","13,19","2,02","0,22","0,11","0,15","0,01",0,"0,4","0,03","0,21","0,1","0,05","0,15","0,06",,"0,05","0,06","0,14","0,01","0,06","0,02","1,06","0,01","0,04","0,07","0,8",,"1,12","0,02","0,17"
2015_E193,"237,37","24,14","18,98","165,58","114,33","1,29","12,84","57,26","38,73","0,58","132,34","1,05","68,6","165,72","16,63","7,3","0,71","0,1","0,03","0,06",,"0,04","0,49","0,03","0,18","0,06","0,03","0,07","0,06",,"0,03","0,05","0,04",0,"0,05","0,02","0,85","0,01","0,04","0,04","0,59",,"0,8","0,01","0,18"
2015_E200,"166,68","0,45","1,03","123,61","226,41","2,88","8,38","39,62","31,93","1,67","107,52","0,65","19,65","133,91","12,17","13,01","1,09","0,1","0,07","0,06",,"0,03","0,39","0,06","0,04","0,14","0,04","0,14","0,11",,"0,06","0,13","0,08",0,"0,07","0,01","1,08","0,01","0,06","0,05","0,52",,"0,99","0,01","0,16"
2015_E207,"299,42","30,33","26,92","246,4","116,04","1,01","7,6","76,87","51,29","1,08","137,48","0,78","49,01","150,31","24,06","7,52","1,06","0,06","0,03","0,07","0,01",0,"0,31","0,05","0,19","0,11","0,08","0,14","0,1",,"0,04","0,05","0,05","0,01","0,05","0,02","1,1","0,01","0,05","0,03","0,63",,"1,32","0,02","0,26"
2015_E216,"231,03","25,51","15,97","318,77","72,94","0,59","9,1","28,96","30,55","0,82","149,03","1,18","38,38","91,41","17,3","3,76","0,63","0,06","0,02","0,04","0,02",0,"0,1","0,02","0,16","0,01","0,11","0,02","0,06",,"0,01","0,02","0,03","0,01","0,04","0,01","0,63","0,01","0,03","0,02","0,31",,"0,51","0,01","0,32"
2015_E221,"210,11","28,92","1,23","47,4","112,84","4,29","1,35","67,2","27,17",1,"31,61","1,04","28,07","124,42","14,43","11,48","1,04","0,07",0,"0,08",,0,"0,48","0,02","0,15","0,06","0,05","0,05","0,07","0,01",0,"0,06","0,06","0,01","0,05","0,02","1,32","0,01","0,04","0,04","0,87",,"1,1","0,01","0,33"
2015_E222,"140,85","15,76","21,22","180,04","90,26","0,78","3,86","79,52","34,82","0,92","139,45","0,55","38,81","104,17","20,44","11,92","0,92","0,1","0,09","0,02",,"0,02","0,43","0,03","0,16","0,05","0,06","0,07","0,07",,"0,05","0,05","0,15",0,"0,08","0,01","1,21","0,01","0,04","0,04","0,78","0,01","1,35","0,02","0,24"
2015_E223,"187,92","6,64","33,35","312,14","144,82","1,33","14,63","89,41","52,49","0,84","130,47","1,61","64,09","182,2","17,33","12,5","0,83","0,16","0,06","0,06",,0,"0,32","0,02","0,14","0,06","0,07","0,07","0,09",,"0,03","0,03","0,04","0,01","0,05","0,01","0,99",0,"0,02","0,03","0,6",,"1,22","0,01","0,26"
2015_E224,"276,69","9,32","15,24","346,53","97,28","0,54","10,71","68,63","50,68","1,34","215,87","1,46","38,98","98,18","18,05","12,04","0,99","0,09","0,06","0,06",,0,"0,28","0,03","0,14","0,03","0,04","0,01","0,06",,"0,01","0,02","0,09","0,01","0,04",0,"0,97","0,01","0,06","0,04","0,46","0,01","1,07","0,01","0,37"
2015_E226,"84,56","11,9","6,22",0,"241,23","2,24",0,"107,12","51,13","1,31","129,34","0,7","40,2","195,55","21,57","8,52","0,39","0,07","0,09","0,14","0,01",0,"0,38","0,03","0,13","0,05","0,08","0,1","0,07",,"0,06","0,07","0,11","0,01","0,1","0,01","1,27","0,01","0,07","0,05","0,88","0,01","1,44","0,02","0,21"
2015_E229,"184,81","16,77","20,12","187,74","135,5","1,13","15,51","111,4","42,02","0,76","143,89","1,13",57,"162,76","19,12","13,73","0,8","0,02","0,11","0,06",,"0,01","0,4","0,07","0,14","0,07","0,03","0,11","0,07",,"0,03","0,06","0,06","0,01","0,09","0,02","0,92","0,01","0,08","0,04","0,44",,"1,58","0,01","0,18"
2015_E230,"137,5","1,62","25,01","143,15","101,26","1,36","13,41","81,35","42,45","1,21","89,35","1,45","36,24","122,34","16,47","9,35","0,94","0,06","0,07","0,07","0,01",0,"0,33","0,04","0,12","0,11","0,08","0,16","0,08",,"0,06","0,07","0,08","0,01","0,1","0,02","1,37",0,"0,05","0,04","0,84",,"1,04","0,01","0,17"
2015_E232,"434,76","7,19","23,43","424,07","235,4","1,07","26,28","88,14","89,64","0,9","264,37","0,8","102,16","228,94","15,75","12,23","0,82","0,23","0,11","0,13",,0,"0,26","0,05","0,13","0,02","0,04","0,04","0,06",,"0,03","0,03","0,11","0,01","0,05",0,"0,79","0,01","0,06","0,03","0,32",,"0,85","0,01","0,14"
2015_E233,"270,93","8,77","23,82","237,77","117,06","0,66","15,94","99,95","39,5","0,48","212,74","1,42","84,21","142,35","23,04","10,99","0,92","0,16","0,06","0,07",,0,"0,17","0,04","0,16","0,05","0,13","0,06","0,09",,"0,04","0,03","0,06","0,01","0,05","0,01","0,91","0,01","0,03","0,01","0,38",,"0,86","0,01","0,21"
2015_E234,"226,81","1,21","25,78","213,33","174,19","0,87","23,78","143,46","70,04","0,69","240,02","1,22","104,76","182,13","14,62","5,6","0,65","0,09","0,05","0,03","0,01",0,"0,28","0,02","0,14",0,"0,06","0,03","0,03",,"0,01","0,03","0,05",0,"0,04","0,01","0,84",0,"0,02","0,03","0,41",,"0,76","0,01","0,18"
2015_E235,"246,88","18,2","20,29","132,17","169,73","0,7","12,99","68,49","72,13","1,18","289,65","0,71","63,26","195,27","24,85","6,79","1,39","0,16","0,01","0,1","0,01",0,"0,3","0,01","0,11","0,03","0,06","0,03","0,04","0,01","0,02","0,03","0,1",0,"0,06","0,02","1,44","0,01","0,04","0,07","0,7","0,01","1,01","0,01","0,19"
2015_E236,"246,62","22,24","12,04","180,4",122,"0,89","12,35","61,44","43,77","0,48","165,26","1,17","93,8","132,49","21,35","5,8","0,39","0,18","0,09","0,07",,0,"0,28","0,03","0,14","0,02","0,09","0,07","0,07",,"0,04","0,05","0,08","0,01","0,06","0,01","1,06","0,01","0,04","0,04","0,49","0,01","1,03","0,01","0,15"
2015_E237,"237,21","16,64","28,37","252,25","154,12","1,11","13,2","71,71","52,85","0,58","166,62","0,78","93,59","199,2","22,89","7,15","1,91","0,41","0,02","0,16","0,01","0,03","0,46","0,03","0,12","0,06","0,06","0,07","0,07",,"0,02","0,05","0,09","0,01","0,04","0,02","1,1","0,01","0,07","0,07","0,9",,"1,6","0,02","0,3"
2015_E238,"158,65","27,26","20,99","223,63","157,74","1,92","11,7","57,11","44,05","0,97","98,75","0,77","46,6","177,11","23,19","6,96","0,99","0,34","0,05","0,12",,0,"0,34","0,04","0,14","0,14","0,09","0,21","0,13",,"0,09","0,09","0,06","0,01","0,11","0,03","0,77","0,01","0,06","0,03","0,55","0,01","0,88","0,01","0,19"
2015_E239,"258,13","22,79","18,41","292,15","116,22","0,94","7,67","47,09","39,11","0,92","148,63","1,05","43,9","116,63","25,42","8,68","1,5","0,14","0,03","0,07","0,01",0,"0,19","0,05","0,15","0,06","0,05","0,09","0,1","0,04","0,03","0,04","0,1",0,"0,06","0,02","1,57","0,01","0,03","0,07","1,14",,"1,57","0,02","0,45"
2015_E240,"150,21","9,99","18,28","164,97","123,66","1,73","11,45","72,89","42,71","0,99","85,8","1,14","44,68","156,06","18,43","12,25","1,36","0,2","0,11","0,1",,0,"0,46","0,03","0,11","0,03","0,06","0,1","0,07",,"0,04","0,07","0,07",0,"0,06","0,02","0,93",0,"0,04","0,05","0,61",,"1,12",0,"0,28"
2015_E241,"216,71","17,49","19,78","133,64","143,02","0,93","17,31","110,41","44,79","0,68","185,2","1,16","68,13","188,8","25,33","14,15","2,31","0,16","0,06","0,09","0,01","0,05","0,46","0,02","0,06","0,08","0,07","0,12","0,12",,"0,04","0,05","0,05",0,"0,09","0,02","0,89","0,01","0,04","0,04","0,69",,"1,07","0,01","0,41"
2015_E255,"266,49","4,78","18,81","205,05","123,03","0,72","9,49","89,84","49,32","1,03","205,79","0,45","49,49","156,46","16,03",8,"1,06","0,15","0,02","0,11",,"0,02","0,34","0,03","0,07","0,03","0,05","0,04","0,06","0,01","0,02","0,04","0,04",0,"0,06","0,01","0,67",0,"0,02","0,02","0,4",,"0,93","0,01","0,2"
2015_E256,"299,33","17,39","26,08","229,12","204,56","0,75","30,46","135,66","68,39","0,86","325,92","0,92","81,59","259,7","17,98","9,51","1,05","0,3","0,04","0,17","0,01","0,03","0,28",0,"0,08","0,02","0,05","0,03","0,05",,"0,02","0,03","0,09",0,"0,06","0,01","1,07",0,"0,04","0,05","0,54",,"1,08","0,02","0,23"
2015_E257,"263,03","9,37","27,35","156,77","122,49","1,4","8,75","65,86","37,68","0,77","105,24","0,28","50,18","129,58","28,61","13,46","1,44","0,21","0,06","0,09",,0,"0,28","0,05","0,15","0,08","0,09","0,1","0,13","0,01","0,07","0,09","0,1","0,01","0,11","0,04","1,49","0,01","0,09","0,04","0,58","0,01","1,23","0,02","0,38"
2015_E258,"151,71","12,83","21,03","246,23","110,38","1,06","3,53","67,43","43,17","0,68","125,55","1,24","65,65","108,92","20,36","7,57","0,9","0,18","0,06","0,1",,"0,01","0,22","0,02","0,08","0,04","0,09","0,07","0,06",,"0,04","0,04","0,09","0,01","0,07","0,01","0,78","0,01","0,04","0,03","0,42",,"0,77","0,02","0,14"
2015_E259,"497,63",0,"29,26","441,71","196,08","0,86","22,41","139,18","87,58","1,17","274,19","1,19","77,07","200,64","19,24","4,51","0,81","0,1","0,04","0,1","0,03","0,08","0,33",0,"0,19","0,01","0,05",0,"0,04",,0,"0,03","0,1",0,"0,05",0,"0,94","0,01","0,04","0,08","0,55",,"0,54","0,01","0,08"
2015_E263,"237,51","7,01","20,33","88,94","201,47","1,29","14,5","108,3","52,08","0,89","188,15","1,02","60,22","222,42",20,"11,88","1,84","0,16","0,07","0,08",0,"0,06","0,51","0,01","0,12","0,05","0,04","0,11","0,07",0,"0,05","0,06","0,13",0,"0,06","0,02","1,22","0,01","0,05","0,03","0,63",0,"0,98","0,02","0,23"
2015_E265,"140,3","8,03","26,3","127,48","93,95","0,87","10,29","73,41","37,67","0,98","128,99","1,53","39,72","133,67","14,54","8,81","0,76","0,11","0,02","0,08","0,02",0,"0,27","0,03","0,12","0,08","0,07","0,12","0,11",0,"0,05","0,07","0,05",0,"0,1","0,02","0,58","0,01","0,04","0,03","0,34",0,"0,86","0,01","0,15"
2015_E344,"116,58","2,52","19,94","245,7","133,38","1,34","9,14","79,61","47,4","0,96","119,65","0,69","51,38","139,31","12,82","3,31","0,51","0,1","0,06","0,07","0,01","0,06","0,33","0,02","0,12","0,02","0,01","0,03","0,02","0,01","0,02","0,02","0,1","0,01","0,02","0,01","0,86","0,01","0,05","0,06","0,48","0,01","0,81","0,03","0,06"
2015_E397,"125,36","28,78","18,46","176,24","115,15","1,16","14,34","72,53",41,"0,55","119,22","0,64","78,06","131,89","26,06","13,87","1,11","0,17","0,11","0,07","0,01","0,12","0,25","0,05","0,05","0,08","0,37","0,13","0,08",0,"0,05","0,05","0,06","0,01","0,06","0,02","1,05","0,02","0,04","0,02","0,46","0,01",1,"0,01","0,26"
2015_E398,"168,42","12,16","23,62","135,58","72,36","0,41","6,34","54,03","60,23","1,29","210,58","0,54","48,42","100,63","22,03","7,62","1,01","0,08","0,05","0,06","0,01","0,09","0,22","0,02","0,06","0,02","0,03","0,03","0,02",0,"0,02","0,01","0,09","0,01","0,01","0,01","1,28","0,02","0,04","0,05","0,54","0,01","0,75","0,01","0,2"
2015_E399,"161,11","11,26","24,38","162,75","77,83","0,89","8,21","51,29","33,06","0,71","104,65","0,77","48,23","110,16","24,31","7,27","0,94","0,33","0,05","0,06","0,01","0,06","0,26","0,04","0,06","0,08","0,11","0,1","0,06",0,"0,04","0,03","0,1","0,01","0,04","0,02","0,7","0,01","0,04","0,03","0,35","0,01","0,69","0,02","0,18"
2015_E401,"186,57","7,97","21,58","222,24","106,31","0,61","8,56","69,11","41,45","0,65","209,44","1,03","66,7","133,5","20,56","6,96","1,42","0,15","0,04","0,09","0,01","0,07","0,33","0,03","0,06","0,06","0,06","0,08","0,06",0,"0,05","0,02","0,07","0,01","0,03",0,"0,89","0,01","0,03","0,03","0,61",0,"0,7","0,01","0,27"
2015_E412,"158,96","14,84","20,23","146,54","95,49","0,91","11,93","74,75","25,37","0,76","126,66","0,83","34,49","126,28","16,17","5,69","0,78","0,13","0,03","0,07","0,02","0,08","0,47","0,03","0,11","0,05","0,03","0,07","0,06",0,"0,04","0,04","0,05","0,01","0,03","0,02","0,55","0,01","0,03","0,03","0,35",0,"0,64","0,01","0,13"
2015_E413,"169,76","24,03","24,35","69,28","106,48","1,14","10,57","50,96","37,01","0,74","112,4","0,67","51,91","135,02","16,05","7,02","0,87","0,15","0,01","0,07",0,"0,02","0,35","0,01","0,04","0,03","0,03","0,06","0,05",0,"0,03","0,03","0,08",0,"0,03",0,"0,67",0,"0,03","0,03","0,41",0,"0,6","0,01","0,17"
2015_E414,"167,05","17,82","18,28","150,01","144,13","0,87","18,33","73,44","46,57","0,98","198,56","0,7","49,58","149,15","23,32","12,81","1,05","0,15","0,09","0,08","0,02","0,09","0,36","0,04","0,12","0,06","0,08","0,11","0,09",0,"0,05","0,03","0,08","0,01","0,05","0,02","0,94","0,01","0,04","0,04","0,52","0,01","0,93","0,01","0,23"
2015_E415,"242,76","14,07","23,57","144,12","100,9","0,71","12,15","79,89","39,03","0,98","170,65","0,8","41,32","110,67","13,86","9,49","0,67","0,22","0,06","0,07","0,01","0,08","0,26","0,03","0,11","0,03","0,05","0,05","0,05",0,"0,02","0,02","0,06","0,01","0,03","0,01","0,82","0,01","0,04","0,03","0,42",0,"0,86","0,02","0,21"
